{
  "timestamp": "2026-02-12T09:37:53.250896",
  "best_model": "random_forest",
  "models": {
    "logistic_regression": {
      "accuracy": 0.831,
      "precision": 0.8729355541625486,
      "recall": 0.831,
      "f1_score": 0.8396696464663964,
      "roc_auc": 0.9431400328114792,
      "confusion_matrix": [
        [
          80,
          1,
          0
        ],
        [
          84,
          514,
          56
        ],
        [
          0,
          28,
          237
        ]
      ]
    },
    "random_forest": {
      "accuracy": 0.853,
      "precision": 0.8562258783323226,
      "recall": 0.853,
      "f1_score": 0.8532454626889464,
      "roc_auc": 0.9324169600954411,
      "confusion_matrix": [
        [
          46,
          35,
          0
        ],
        [
          34,
          563,
          57
        ],
        [
          0,
          21,
          244
        ]
      ]
    }
  },
  "dataset_size": 5000,
  "feature_count": 31
}